{"opti_params": {"beta": 7.268255735362832, "alpha": 0.9922404329885063, "gamma": 0.6698388017586206, "lambda": 26.74244088900852, "alpha_t": 0.0002598937446352788}, "fun": -56.78135}