{"opti_params": {"beta": 114.23886540005178, "alpha": 0.7874564619924908, "gamma": 0.9999124307999964, "lambda": 26.485138934338753, "alpha_t": 0.18416476545244134, "omega": 0.9995355921540949}, "fun": -18.779}