{"opti_params": {"beta": 12.678879209776357, "alpha": 0.7874564619924908, "gamma": 0.8928198380434318, "lambda": 34.16425459979283, "alpha_t": 0.18416476545244134, "omega": 0.9998212947130389}, "fun": -41.8}