{"opti_params": {"beta": 47.38007719523028, "alpha": 0.7874564619924908, "gamma": 0.9067509347852183, "lambda": 38.98810936171698, "alpha_t": 0.18416476545244134}, "fun": -31.21295}