{"opti_params": {"beta": 29.00751328261124, "alpha": 0.7874564619924908, "gamma": 0.868151813095781, "lambda": 38.178491503352504, "alpha_t": 0.18416476545244134, "kappa": 0.7408035535698327}, "fun": -36.9181}