{"opti_params": {"beta": 10.018388228149808, "alpha": 0.9995577288016008, "gamma": 0.001004309834592557, "omega": 0.9997431096805852}, "fun": -18.8134}