{"opti_params": {"beta": 8.485258622826308, "alpha": 0.9995577288016008, "gamma": 0.9722618382249604}, "fun": 18.79935}