{"opti_params": {"beta": 0.023575688715009382, "alpha": 0.9995577288016008, "gamma": 0.008804886005711957, "omega": 0.9995783523909338}, "fun": -18.8134}