{"opti_params": {"beta": 23.535028476369583, "alpha": 0.9995577288016008, "gamma": 0.9989587110209438, "kappa": 3.337410878156383}, "fun": -28.2852}